{
	"id": "Slugcat_nomad",
	"scene_folder": "scenes/slugcat - nomad",
	"images": [
		{ "name": "sky", "pos": [492, 297], "depth": 3.7, "shader": "Basic" },
		{ "name": "val",    "pos": [515, 265], "depth": 3, "shader": "Basic" },
		{ "name": "scav",    "pos": [446, 283], "depth": 2.2, "shader": "Basic" },
		{ "name": "bg",    "pos": [602, 264], "depth": 2.0, "shader": "Basic" },
		{ "name": "slugcatn",    "pos": [605, 427], "depth": 1.5, "shader": "Basic" },
		{ "name": "particles",    "pos": [-57, 80], "depth": 1.3, "shader": "Basic" },
	],
	"idle_depths": [ 2.8 ],
	"glow_pos": [688, 484],
	"mark_pos": [689, 583],
	"select_menu_pos": [0, 0],
	"slugcat_depth": 2.8
}