{
	"id": "Sleep_Nomad",
	"scene_folder": "scenes/sleep - nomad",
	"images": [
		{ "name": "Nomad - Flat", "pos": [0, 110], "depth": -1.0, "flatmode": true},
		{ "name": "lights", "pos": [492, 297], "depth": 3.7, "shader": "Basic" },
		{ "name": "particles",    "pos": [446, 283], "depth": 1.2, "shader": "Basic" },
		{ "name": "light",    "pos": [446, 283], "depth": 1.5, "shader": "Basic" },
		{ "name": "grass",    "pos": [515, 265], "depth": 1.3},
		{ "name": "slugcatN",    "pos": [515, 265], "depth": 1.1},
		{ "name": "darkgrass",    "pos": [602, 264], "depth": 1, "shader": "Basic" }
	],
	"idle_depths": [1.1, 1.4],
}